Number,Name,Link
2,รับหิ้ว by namii,https://www.facebook.com/naamiiii.shop/?__cft__[0]=AZVBfDbyurIvg4_IjNADcUNfc5PjRNhAB46m4A8EcNc05pmQnR4Hs92WzImCDT1T9OgH6WTpVNu2KFQdwUUkOIxccT96J96Mn7-l1sKtCBc_J1D6OGD4v4MVncNFLavOU2w&__tn__=%3C%2CP-R
3,รับหิ้วสินค้าจากช็อป,https://www.facebook.com/%E0%B8%A3%E0%B8%B1%E0%B8%9A%E0%B8%AB%E0%B8%B4%E0%B9%89%E0%B8%A7%E0%B8%AA%E0%B8%B4%E0%B8%99%E0%B8%84%E0%B9%89%E0%B8%B2%E0%B8%88%E0%B8%B2%E0%B8%81%E0%B8%8A%E0%B9%87%E0%B8%AD%E0%B8%9B-110179593718625/?__cft__[0]=AZUwNkfUWYlzUvMMXScp7RiWEX4Jxz9h4dd1QP9uc1SZLhbT2AWcds2OMK72vNjPafFHsYClTwfwX3OdAeF88UWvbXevyjfczhzG5emnfL8JN5Mz-KglysuvR1LWutOaoBw&__tn__=%3C%2CP-R
4,ลิงหิ้วของ รับหิ้วทุกอย่างโคตรถูก,https://www.facebook.com/linghiwkhong/?__cft__[0]=AZUJKWA_oapkWmrD7PBVw0wt3DE3bCxRNVKHaLZtL0RWFQU9pgE7LXF7V7t3kqtwPpajF19q53V9c3MGM5pUhCzE-WfBIeXfv1AQVkg80-JxrVTvpTeO3H0R-cejOTSPeDc&__tn__=%3C%2CP-R
5,รับหิวเสื้อผ้าแบรนด์ By nuch,https://www.facebook.com/%E0%B8%A3%E0%B8%B1%E0%B8%9A%E0%B8%AB%E0%B8%B4%E0%B8%A7%E0%B9%80%E0%B8%AA%E0%B8%B7%E0%B9%89%E0%B8%AD%E0%B8%9C%E0%B9%89%E0%B8%B2%E0%B9%81%E0%B8%9A%E0%B8%A3%E0%B8%99%E0%B8%94%E0%B9%8C-By-nuch-102431134956993/?__cft__[0]=AZUYKrPej0RMH7wsktqpjKHycAdF7_1MsmPh7yES06WJy6U-V3IYgIPfYuvFS2fYTk8bm1749dlSUWPiny0AsYrsWrMJ3Z8HC4bVIY1t56hn0PgZbp6RgXyCPmcGxP-kO48&__tn__=%3C%2CP-R
7,Together Brandname,https://www.facebook.com/ToonandTongShop/?__cft__[0]=AZVnDN5WHmXWVJW8yVAViBl-BUChqOki28WU_qcqJEe1SCRxVpVKFSqoJqiM2GwQf00yEUR1ZovPgSlqKj_QfXeTlvyN8XhUF_Od9678NOu6jU4N2HoU0GV12JOySl6AopY&__tn__=%3C%2CP-R
12,ปนัดดาขอวาร์ปหน่อย,https://www.facebook.com/%E0%B8%9B%E0%B8%99%E0%B8%B1%E0%B8%94%E0%B8%94%E0%B8%B2%E0%B8%82%E0%B8%AD%E0%B8%A7%E0%B8%B2%E0%B8%A3%E0%B9%8C%E0%B8%9B%E0%B8%AB%E0%B8%99%E0%B9%88%E0%B8%AD%E0%B8%A2-103814788001526/?__cft__[0]=AZVP4ETkIstFWKqR98nxwR0siI0lleQiujEM8YAQuLX-fM0yGaDOLNpCgWkHLvflYQy8d_HIsAz9W0LizjcNRgpv4MLtoJL0ZzA-8kH9F8tAQYrgxDxU-WocoPvh4i3oyso&__tn__=%3C%2CP-R
14,Shop_keeper,https://www.facebook.com/Shopkeeper11/?__cft__[0]=AZWzCnF-i1dkCIYq3OJwGGPxDMRzh4usmRcoEpQT4FOuc2IWIOaqATqUGZFnlBUfloeWwMwRhcPfA5mGpL8h6uq4XNz0yjyqiVDKByPcHzJlb7WZvB1Jl_nka-_GjlGWY4s&__tn__=%3C%2CP-R
17,Sarahh's Store : อ่านว่าซาเราะห์ไม่ใช่ซาร่าจ้า,https://www.facebook.com/sarahhstore/?__cft__[0]=AZU1QQ1TpBjslDTJpLySo8_Zdd4zo02mg_ZILtP2tNxdY9JmvfOTyCq7nK536ZrHCbOmG613E3WoUAuRI_bXLaKwAS9wOr6xrcNQU-KmagyeJ2cftcE4J1rLOU9uzWF5jlg&__tn__=%3C%2CP-R
18,SneakerofGames,https://www.facebook.com/Sneakerofgames/?__cft__[0]=AZXxqGPu6zkthVjNEkKK0fztjglJtkvemMScWmQL-pa9ya0YflDrAVI6fHgXKvJlQHr6lSK7a0QmAeOMtsXi0eLq-g9kugFAPWV5j7AGrNhh_MXHxD6qpPx_4RIrDPvCq20IGJvUiwvCYr0iz5VgOJNg&__tn__=%3C%2CP-R
19,รับหิ้วทุกอย่าง,https://www.facebook.com/%E0%B8%A3%E0%B8%B1%E0%B8%9A%E0%B8%AB%E0%B8%B4%E0%B9%89%E0%B8%A7%E0%B8%97%E0%B8%B8%E0%B8%81%E0%B8%AD%E0%B8%A2%E0%B9%88%E0%B8%B2%E0%B8%87-104329711099721/?__cft__[0]=AZV7oB_PA-a7x-nrbFPnVwLpojx0BjJ31n_BeUspay4o0YKSo319B8Be1hPGeB4g-kLEZY6X3tjxZzA1FGJWMg1Ie2o3iQSICfzaiFOxYf9FO5uhjJGfrQU8A6Cq9lyNgG4&__tn__=%3C%2CP-R
20,เต้ วัชสัณห์,https://www.facebook.com/%E0%B9%80%E0%B8%95%E0%B9%89-%E0%B8%A7%E0%B8%B1%E0%B8%8A%E0%B8%AA%E0%B8%B1%E0%B8%93%E0%B8%AB%E0%B9%8C-166607780054524/?__cft__[0]=AZU-vQMAYNQWI9k6q-PlbBn5cJ3hX8OS1ze_OSUK4CMkFddchX5sicUUXLdOtuN8MYJWqdLcC2_XerImQzHhlQNRXp4hnUzhgDvFnIPfmFjdrHKU35hhAy4XMRxkkTe7AQo&__tn__=%3C%2CP-R
22,Her_basicstyle,https://www.facebook.com/Herbasicstyle/?__cft__[0]=AZXAtPPTf7syeMdHWC3PQzjdWYU8bHF7Ix5tp8cL9RxxTodKFzEJ_AIoOebxV_1ED2bQelXkdjLVkg2QAdZsxV0W-A7pNYP_le8WWaNelwO9h6KGeizSJN0pTt0V2eafIkc&__tn__=%3C%2CP-R
23,รับหิ้วสินค้า by คุณพ่อสายแบ๊ว,https://www.facebook.com/daddyshopping95/?__cft__[0]=AZVu9TxEpBUjtyaWJhSU0ZlmTTJIvzjlPwNy8rgviTfBN4R07DtgsR-EV1b-KREnO1IczGwzqPDWT7Gn44lU9BlbEPvpFlKUIdB7RtJgKG6ozOSJ2pguhU3O-vOhdSt_-8ehX8PWxl8xf2ekm3s_Y1dj&__tn__=%3C%2CP-R
32,Event shop รับหิ้วแบรนด์แท้100%,https://www.facebook.com/EventShop108/?__cft__[0]=AZV6B7Rotx2vGvXD3-__KtBiyPvf2yHmmdShJkePKb3CqXzKxfXbAdIQlF32yFbxoxUQ2XDuvnTVfcJ3RDShTopzZuQFOhm8Jb_IwdeIQijt5RITJ90gcL6E0ynJg5xqsT4&__tn__=%3C%2CP-R
38,โบว์หิ้วของ รับหิ้วทุกอย่าง,https://www.facebook.com/%E0%B9%82%E0%B8%9A%E0%B8%A7%E0%B9%8C%E0%B8%AB%E0%B8%B4%E0%B9%89%E0%B8%A7%E0%B8%82%E0%B8%AD%E0%B8%87-%E0%B8%A3%E0%B8%B1%E0%B8%9A%E0%B8%AB%E0%B8%B4%E0%B9%89%E0%B8%A7%E0%B8%97%E0%B8%B8%E0%B8%81%E0%B8%AD%E0%B8%A2%E0%B9%88%E0%B8%B2%E0%B8%87-102696321521745/?__cft__[0]=AZWNaQ6Gj6ERe1a4VzlCAnvxInLgWKfqR-fsj2dlF0TDJG9dVrbXPb8ZtEAGZtgci6XM2QKI6tCeht4vtyOxrOV5RTZCJg2kq39lFYET3qgZi0OJG70Df_LcYzeG5XQJMMk&__tn__=%3C%2CP-R
45,Wednesday1st shop,https://www.facebook.com/Wednesday1st-shop-105507054864297/?__cft__[0]=AZU6eMxsjKBnjcLI_66aT1GWan8kVEcP3jHtstdcSgk0VHj53c7vboyW_nrcs90eAHD6cI3lh2ukJsVlSKyTgSCxRnIGuBaalMYRogsslCYonMrQCCLADb3p1a_39DzG9mA&__tn__=%3C%2CP-R
48,BginAgain_iloveshops รับหิ้วh&mจากshopเเท้,https://www.facebook.com/BeginAgain999/?__cft__[0]=AZXO-UXn1HLOE-2Tg9uXl_WCqABwGPwfpa5iehLnI8NCMZoQooVJXrPjY4SNK8XHApxpmYDcSQ_5dDS1Xn3q6G2pZCO55rUU7Qxlr_Hb3P0_NNKKL1vvDWhSspbZID3onbRKxXNTmeVIUFPhjOZ1_0dp&__tn__=%3C%2CP-R
